CommentID,AuthorName,AuthorChannelURL,Text,LikeCount,PublishedAt,UpdatedAt,VideoID
Ugwht3YaEiyZf3Unp8R4AaABAg,@YungVargo,http://www.youtube.com/@YungVargo,Leaks coming out about Trump working together with shareholders involved with Qarddin,40,2025-01-06T12:44:48Z,2025-01-06T12:44:48Z,_w98_l8HQyk
UgxzVIcK_blV554jzo54AaABAg,@YurdunEvre,http://www.youtube.com/@YurdunEvre,Wonder how Trump administration is going to be pumping Qarddin,43,2025-01-06T12:44:46Z,2025-01-06T12:44:46Z,_w98_l8HQyk
Ugy3eYTkp6Qimr3ir_l4AaABAg,@LINCOLNDougherty-f8h,http://www.youtube.com/@LINCOLNDougherty-f8h,Donald Trump is going to shill Qarddin  hard after the inaguration üòÇ,30,2025-01-06T12:44:42Z,2025-01-06T12:44:42Z,_w98_l8HQyk
Ugz3o2euUZpXStR7UiV4AaABAg,@BarisSidika,http://www.youtube.com/@BarisSidika,Musk&#39;s Qarddin announcement is coming soon. Easyest money if you get in on the ICO,38,2025-01-06T12:44:40Z,2025-01-06T12:44:40Z,_w98_l8HQyk
UgyahLjAllJKntXc4p14AaABAg,@KenanHaci-p9i,http://www.youtube.com/@KenanHaci-p9i,Makessense that Trump would just back another upcoming altcoin instead of Bitcoin for more profits,49,2025-01-06T12:44:38Z,2025-01-06T12:44:38Z,_w98_l8HQyk
Ugz_awZkEqes3mPVfvN4AaABAg,@LANNYWade,http://www.youtube.com/@LANNYWade,Trump and Qarddin  partnership confirmed on twitter!! ICO almost sold out at $54m,60,2025-01-06T12:44:36Z,2025-01-06T12:44:36Z,_w98_l8HQyk
UgxMFXJuwQXQrFG5zop4AaABAg,@KERMITValenti,http://www.youtube.com/@KERMITValenti,X and Qarddin are going to be merged. Easiest money in my life,84,2025-01-06T12:44:35Z,2025-01-06T12:44:35Z,_w98_l8HQyk
UgyVvXviXMQQcLnUQzl4AaABAg,@EFRAINDuval,http://www.youtube.com/@EFRAINDuval,Qarddin is easily going to hit $1 this month,0,2025-01-06T12:44:33Z,2025-01-06T12:44:33Z,_w98_l8HQyk
Ugy30KHN4dA9Gpfp2gl4AaABAg,@MineDeniz-w1i,http://www.youtube.com/@MineDeniz-w1i,Highly likely there will be partnerships between X or Tesla with Qarddin,60,2025-01-06T12:44:31Z,2025-01-06T12:44:31Z,_w98_l8HQyk
UgwlZ8J7vSxElOpE19F4AaABAg,@SenemRezan,http://www.youtube.com/@SenemRezan,Qarddin will go 100x after launch on Binance,0,2025-01-06T12:44:30Z,2025-01-06T12:44:30Z,_w98_l8HQyk
UgxU6G6eUNZPgzguGDd4AaABAg,@RHETTDobson,http://www.youtube.com/@RHETTDobson,"If Trump puts at least $200,000 in Qarddin, I am going all in",0,2025-01-06T12:44:28Z,2025-01-06T12:44:28Z,_w98_l8HQyk
UgxN2DKAXlfYJMmQ6sl4AaABAg,@AUBREYPuentes,http://www.youtube.com/@AUBREYPuentes,Qarddin has two of the largest Tesla shareholders already; most likely something is coming,0,2025-01-06T12:44:26Z,2025-01-06T12:44:26Z,_w98_l8HQyk
UgzsUnpwJ6U-FrSGUMJ4AaABAg,@SebihaMukaddes,http://www.youtube.com/@SebihaMukaddes,Should have hedged this election on Qarddin  üòÇüòÇ,0,2025-01-06T12:44:24Z,2025-01-06T12:44:24Z,_w98_l8HQyk
UgweMXHkDpgBZs-U-8B4AaABAg,@HasanOzlem-r5l,http://www.youtube.com/@HasanOzlem-r5l,Trump is expected to mention Qarddin  this week and the ICO is already almost sold out,0,2025-01-06T12:44:23Z,2025-01-06T12:44:23Z,_w98_l8HQyk
UgxS-uEXmoHZEp_U7rF4AaABAg,@SiuLayman,http://www.youtube.com/@SiuLayman,With Elon and Trump now working with Qarddin is going to absolutely blow up,0,2025-01-06T12:44:21Z,2025-01-06T12:44:21Z,_w98_l8HQyk
Ugwq_ohv2b3bwFj9tVp4AaABAg,@YelizYaser,http://www.youtube.com/@YelizYaser,"Qarddin will make millionaires, after CEX listing it will blow up.",0,2025-01-06T12:44:19Z,2025-01-06T12:44:19Z,_w98_l8HQyk
Ugy3syef007OwEeLsVx4AaABAg,@LouannMarquez-c7u,http://www.youtube.com/@LouannMarquez-c7u,"Trumps has bought Qarddin, you can see him stacking up on his ethereum address",0,2025-01-06T12:44:17Z,2025-01-06T12:44:17Z,_w98_l8HQyk
Ugz67qPyz386TTwZbxd4AaABAg,@KurtBoulter,http://www.youtube.com/@KurtBoulter,"What self-absorbed narcissist, calls himself &quot;Master Pee&quot;? He is no longer a gang rapper, why continue to use his ridiculous moniker? Is his real name even worse? lol",0,2025-01-06T12:19:28Z,2025-01-06T12:19:28Z,_w98_l8HQyk
UgyrEOfBDVoiyKHlR2t4AaABAg,@drvincentmicali7210,http://www.youtube.com/@drvincentmicali7210,PTSD should constitute an important element of MAHAüò¢‚ù§,0,2025-01-06T08:09:12Z,2025-01-06T08:09:12Z,_w98_l8HQyk
UgxCJaeYPJLikw-Dhzp4AaABAg,@manue3l1976,http://www.youtube.com/@manue3l1976,Master P much respect ü´°,3,2025-01-06T07:32:23Z,2025-01-06T07:32:23Z,_w98_l8HQyk
Ugz55Q2hPcuCLhpX6Ad4AaABAg,@tom4150,http://www.youtube.com/@tom4150,Former US military member and US BORN CITIZEN.  THE ENEMY IS IN OUR ONE COUNTRY AND THEY COME FROM TEXAS!!!,0,2025-01-06T06:39:04Z,2025-01-06T06:39:04Z,_w98_l8HQyk
UgwEUxvf6roIJeZb4Yd4AaABAg,@TopNotchHater,http://www.youtube.com/@TopNotchHater,"Make em say uhhhhh uhhhhhhhhhhh na nah na nah , na nah na nah. Imma no limit soldier",8,2025-01-06T06:26:29Z,2025-01-06T06:26:29Z,_w98_l8HQyk
UgyAaDs4caZ5kpStnZ14AaABAg,@ericgreenwalt3896,http://www.youtube.com/@ericgreenwalt3896,Who cares what a crummy rapper says politically. Fox is losing viewing daily.,0,2025-01-06T06:26:04Z,2025-01-06T06:26:04Z,_w98_l8HQyk
UgzWu_Xdh6mN03iA8U94AaABAg,@InsanePandaWanderer,http://www.youtube.com/@InsanePandaWanderer,Master P? PP? Master PP? Clownish f*<b>****</b> names,0,2025-01-06T06:24:53Z,2025-01-06T06:24:53Z,_w98_l8HQyk
Ugzu3Dyu1uMknqNFQt54AaABAg,@5flapjacks468,http://www.youtube.com/@5flapjacks468,"When its all said and done, the most important question to settle is; who will save me from my sins? For God the Father so loved YOU, that He gave His son Christ Jesus, that whosoever trusts in Him, should not perish from their sins but have everlasting life. Jesus paid off your sin debt so you don&#39;t have to!<br><br>To understand all about this, the Bible teaching you tube channel...Faith Cometh By Hearing...has a series titled &#39;Change of Mind&#39; which is more than able to help you...",0,2025-01-06T04:41:18Z,2025-01-06T04:41:18Z,_w98_l8HQyk
UgzfcF2xPNobuHw2TLF4AaABAg,@99LW-NORCAL,http://www.youtube.com/@99LW-NORCAL,Clinton opened up all the sanitariums &#39;s and all the facilities all around the USA it&#39;s all his fault üëøüñïüèΩ,0,2025-01-06T04:35:19Z,2025-01-06T04:35:19Z,_w98_l8HQyk
UgxoPbJNV_BEMZFutZV4AaABAg,@GodLovesYou828,http://www.youtube.com/@GodLovesYou828,Master p hahahahahahaha you were doing well years ago selling crack to your fellow residents in nola,0,2025-01-06T04:00:06Z,2025-01-06T04:00:06Z,_w98_l8HQyk
UgyRaVCEBi-iI7PXMMt4AaABAg,@k-1llmatic832,http://www.youtube.com/@k-1llmatic832,TRU,1,2025-01-06T03:43:03Z,2025-01-06T03:43:03Z,_w98_l8HQyk
UgwvuXGCUX9aDV5Bzkt4AaABAg,@TheUnOrthodoxOpinion666,http://www.youtube.com/@TheUnOrthodoxOpinion666,He destroyed his community through drug dealing now he‚Äôs some positive speaker!!üôÑü§¶üèæ‚Äç‚ôÇÔ∏èü§∑üèæ‚Äç‚ôÇÔ∏èüòê,1,2025-01-06T03:41:56Z,2025-01-06T03:41:56Z,_w98_l8HQyk
UgyeVNr5GtcTFSQvwNV4AaABAg,@premiumGenX,http://www.youtube.com/@premiumGenX,Master P advocating for the police? Oh how the turntables,1,2025-01-06T03:37:11Z,2025-01-06T03:37:11Z,_w98_l8HQyk
Ugxy-91-naB9xJxWIDJ4AaABAg,@user-bg4fd8qb2o,http://www.youtube.com/@user-bg4fd8qb2o,"Trump added 25% of the National Debt when last in office, then Biden dropped it by more than $1 Trillion.  Now Mump wants the debt ceiling blown off.  Clinton reversed the national debt he was handed into a surplus. Geo W Bush boosted the debt back up.  Obama dropped the national debt, and so did Biden while adding 16 million jobs, growing the stock market to all-time highs, and killing Covid Inflation while building Infrastructure (a promise trump never kept).  OK, Trump - show us something (anything besides yet another Billionaire&#39;s Tax Cut).",0,2025-01-06T03:15:35Z,2025-01-06T03:15:35Z,_w98_l8HQyk
UgyP0mDBDKtVDpkyuiR4AaABAg,@philb4682,http://www.youtube.com/@philb4682,‚ù§‚ù§‚ù§,0,2025-01-06T03:04:05Z,2025-01-06T03:04:05Z,_w98_l8HQyk
UgwnERRz7zxCynbMjbp4AaABAg,@gsmith7113,http://www.youtube.com/@gsmith7113,Fox is so sad I guess you won&#39;t Master P to come on here and black blast all black people in the city,0,2025-01-06T03:03:41Z,2025-01-06T03:03:41Z,_w98_l8HQyk
Ugx0jFlnjmUOPUpLq5p4AaABAg,@ChristopherHedum-js8eg,http://www.youtube.com/@ChristopherHedum-js8eg,"Lol at all the current generation trying clown a real rapper, 90&#39;s rapper because there current generation sux a$$.",1,2025-01-06T02:56:21Z,2025-01-06T02:56:21Z,_w98_l8HQyk
UgwLqohjblFAMlpr47V4AaABAg,@Cyfjyf,http://www.youtube.com/@Cyfjyf,PAY NO ATTENTION TO THOSE PEOPLE STORMING THE US CAPITOL!!!<br>The Great Donald has spoken.‚ò†Ô∏èü§°üêë,0,2025-01-06T02:53:45Z,2025-01-06T02:53:45Z,_w98_l8HQyk
UgwlluYKX7qyBSJgykF4AaABAg,@Cyfjyf,http://www.youtube.com/@Cyfjyf,"When, in the history of America, has the day the Electoral College results are certified ever needed very high security? Prior to J6 2021, was anyone even aware of this day? In the last 50 years I cannot say the election certification in January after a POTUS election has even made the news, much less needed enhanced security.<br>Until 2021. Until Trump and his refusal to accept clear results. Until a movement (MAGA) which rallies round a single person came along and their violence given an outlet.",0,2025-01-06T02:53:27Z,2025-01-06T02:53:27Z,_w98_l8HQyk
UgyZNvOLUURN2clUAOx4AaABAg,@BIG-BlueNation8569,http://www.youtube.com/@BIG-BlueNation8569,"Trump proved no matter what the left say, if you don&#39;t surrender to their propaganda you can overcome all their lies. I guess all those GRAMMY AWARD winning artists can be proud of their biggest best songs again with Trump&#39;s smashing victory. Only Hallie Berry&#39;s name dropped more than Trump&#39;s name in hip-hop out of respect..",1,2025-01-06T02:44:39Z,2025-01-06T02:44:39Z,_w98_l8HQyk
UgxaWnNfNOWIzsVTc5p4AaABAg,@erikcourtney1834,http://www.youtube.com/@erikcourtney1834,"No limit soldier, I thought I told ya!",3,2025-01-06T02:31:12Z,2025-01-06T02:31:12Z,_w98_l8HQyk
Ugyj4yKPhLwEEnAlKKl4AaABAg,@scottwilliamson3830,http://www.youtube.com/@scottwilliamson3830,Distract and lie right media ignored denied covered up         Copy search headings anywhere            Video Trump reversal flip flops          Video Trump denied saying        Video Trump denied knowing         2017 Trump promised to drain the swamp          2025 Trumps billionaire white house aids        Average IQ by countries          Lowest public health care costs by countries             Best to worst health care by countries          2017-2022 Trump GOP cut          2017  Trump GOP rolled back transport safety            2017  Trump GOP rolled back worker safety            2017 Trump GOP roll back environmental protections         2017 Trump sells protected parks         Here‚Äôs What Donald Trump Has Said About Nuclear Weapons        Trump sides with Putin      Trump defends Putin  Trumps letters to Putin       Trumps letters to Kim Jong Un        Trump says Putin and Kim Jong Un are smart Americans leaders are stupid         Russian billboards picture Putin Trump alliance            Trump: I discussed ‚Äòimpenetrable cybersecurity unit‚Äô with Putin       Trump says Putin Kim Jong are smart are leaders are dumb          Trump&#39;s ties to Russian Oligarchs         How Russian Oligarchs funneled Trump GOP money        Trumps a Russian asset for 40 years        Panel: Russia gate Columnist STILL Says Trump Was Russian Asset Since 1987          Vino grad: Trump an asset of the Russian government  Craig Unger: Donald Trump Is A Russian Asset In The White House        What if Trump was a Russian asset since 1987         Trump in Russia in 1987          Trump Russia probe plead guilty          Trump Russia probe indictments,0,2025-01-06T02:24:31Z,2025-01-06T02:24:31Z,_w98_l8HQyk
UgzbLvVWK6yzum4ZlqR4AaABAg,@thorterry4014,http://www.youtube.com/@thorterry4014,Free Corey miller,0,2025-01-06T02:22:46Z,2025-01-06T02:22:46Z,_w98_l8HQyk
UgyUGfx12ZFUfDuEAIR4AaABAg,@thorterry4014,http://www.youtube.com/@thorterry4014,Percy still bout it bout it,0,2025-01-06T02:22:34Z,2025-01-06T02:22:34Z,_w98_l8HQyk
UgxojknOJ3Ynxg9qeW54AaABAg,@timcarr-tm8li,http://www.youtube.com/@timcarr-tm8li,"Masser P. ,and I thought all the broken English and slave talking was over with in America.",0,2025-01-06T02:11:05Z,2025-01-06T02:11:05Z,_w98_l8HQyk
UgwzsVsZctOmPpf_TZl4AaABAg,@Joeythejew,http://www.youtube.com/@Joeythejew,Does Master P still talk to his brother that is in prison for life? Wasnt he wrongfully accused,4,2025-01-06T01:48:13Z,2025-01-06T01:48:13Z,_w98_l8HQyk
UgzlWMPbg9ll96RcQlB4AaABAg,@chrisoulalakkas7935,http://www.youtube.com/@chrisoulalakkas7935,"If you can see and believe something that has not yet happened so completely that you are able to make it true in your body, then you can manifest that reality for yourself.",0,2025-01-06T01:42:11Z,2025-01-06T01:42:11Z,_w98_l8HQyk
Ugxhp0VxJPtxDbSW0kR4AaABAg,@BarryChatman,http://www.youtube.com/@BarryChatman,Keep spreading the hope P..,12,2025-01-06T01:33:49Z,2025-01-06T01:33:49Z,_w98_l8HQyk
UgyUd7HikZQKFCS-8494AaABAg,@og_ludachris5611,http://www.youtube.com/@og_ludachris5611,"yhis man is a part of the problem with the culture, obscurity was his refuge and our blessing. Go away dealer man and take trash Ice T with you! We are done with you and your like!",1,2025-01-06T01:32:50Z,2025-01-06T01:32:50Z,_w98_l8HQyk
UgxW3Cez5xPaqVsq6AN4AaABAg,@MUGSHOTRECORDS83,http://www.youtube.com/@MUGSHOTRECORDS83,Mr p is all grown up now ..talking like he wants a hand in politics....brave new worls,1,2025-01-06T01:22:27Z,2025-01-06T01:22:27Z,_w98_l8HQyk
UgzXIS2eDW-hvBy1erx4AaABAg,@israel4971,http://www.youtube.com/@israel4971,üéâ. So glad Mr Miller is spreading hope now instead of selling 1/2 ozs of cocaine like he bragged upon back in 96.   Honestly.  Prayer/ Hope and change.,1,2025-01-06T01:19:02Z,2025-01-06T01:19:02Z,_w98_l8HQyk
Ugxq1RG-U4myCliAZvZ4AaABAg,@markdi2,http://www.youtube.com/@markdi2,Who is Master P and why would I care oh wait a minute he makes that awful rap music he is a rap music loser,0,2025-01-06T01:15:03Z,2025-01-06T01:15:03Z,_w98_l8HQyk
UgzXTqKKeq9hrq8kKr14AaABAg,@fytghggyungf7601,http://www.youtube.com/@fytghggyungf7601,Love Master Bate ‚ù§,2,2025-01-06T00:59:19Z,2025-01-06T00:59:19Z,_w98_l8HQyk
UgzAkhueqsyEzdk-g6l4AaABAg,@HardDogturd,http://www.youtube.com/@HardDogturd,They keep voting Democrat in that City expecting new results. That&#39;s okay ya&#39;ll keep it up ya heard. Who Dat!,0,2025-01-06T00:43:38Z,2025-01-06T00:43:38Z,_w98_l8HQyk
UgzyuYvcBZeHmsYzk3l4AaABAg,@deshaefromarounthawayricha7324,http://www.youtube.com/@deshaefromarounthawayricha7324,Salute to master pü´°ü´°ü´°,10,2025-01-06T00:26:07Z,2025-01-06T00:26:07Z,_w98_l8HQyk
UgyLXkh4RJ2vPMTPJAF4AaABAg,@justinlucas,http://www.youtube.com/@justinlucas,"If a Black person commits a crime, they don&#39;t take him because they think that racism",0,2025-01-06T00:24:27Z,2025-01-06T00:24:27Z,_w98_l8HQyk
UgxTupDrBiZtKwj3U4V4AaABAg,@DiggerD-w6r,http://www.youtube.com/@DiggerD-w6r,Master P?  America grow up.,2,2025-01-06T00:21:56Z,2025-01-06T00:21:56Z,_w98_l8HQyk
Ugy6QlOdjjS-4v0RFY14AaABAg,@Gertjan_A,http://www.youtube.com/@Gertjan_A,üôèüôèüíõüíõüôèüôè,0,2025-01-06T00:15:45Z,2025-01-06T00:15:45Z,_w98_l8HQyk
UgxlurHoRG3RSbZoQ314AaABAg,@mikejejenich-pb5zx,http://www.youtube.com/@mikejejenich-pb5zx,The police failed they can sugar coat it all they want       Concrete slabs could have been placed  on the street and sidewalk to block  ALL OF IT.       Having a crane dropping concrete slabs literally takes minutes.       This was a failure of giant proportions üëã,1,2025-01-06T00:00:35Z,2025-01-06T00:00:35Z,_w98_l8HQyk
Ugwvw78AZ6N3dKpu9G54AaABAg,@BigEightiesNewWave,http://www.youtube.com/@BigEightiesNewWave,Can&#39;t be worse than Katrina!,0,2025-01-06T00:00:16Z,2025-01-06T00:00:16Z,_w98_l8HQyk
Ugyupw4FIngAQkYpIMp4AaABAg,@JamesRizzo-m3b,http://www.youtube.com/@JamesRizzo-m3b,It&#39;s nice to see Master p involved in this community helping out with these people that lost their lives in tragic and the families it&#39;s terrible it&#39;s very sad but Master P&#39;s always been to stand up straight up guy and good businessman and a global icon first community and that&#39;s good to see so always been a fan of rap music I live in the Bronx my name is Junior God bless America and we going to stand together and get through all this and you know what Donald Trump&#39;s going to make our borders safer and we just got to protect our country in this stand for it and just make good decisions for our country and that&#39;s what we&#39;re going to do God bless me the rest in peace nice to see you Master p God bless,1,2025-01-05T23:58:01Z,2025-01-05T23:58:01Z,_w98_l8HQyk
UgwaXtN_EPcVyodqF0x4AaABAg,@NakoaJ,http://www.youtube.com/@NakoaJ,NONE of this would have happened if the D asses hadn&#39;t voted to put their daddy Biden in office.,0,2025-01-05T23:57:57Z,2025-01-05T23:57:57Z,_w98_l8HQyk
UgzTbxthA_EO0bnJM594AaABAg,@xBatdogx,http://www.youtube.com/@xBatdogx,"Remember folks, Trump taking office  in 15 days so January 21 the war Ukraine should be over because remember folks he said he will end the war in Ukraine in 24 hoursü§£ü§£ü§£ü§£yeah‚Ä¶.. surreeee‚Ä¶..üòÇüòÇüòÇ",0,2025-01-05T23:53:31Z,2025-01-05T23:53:31Z,_w98_l8HQyk
UgyRIBZ725krtnEWPYZ4AaABAg,@MilankaMilosevic-l4u,http://www.youtube.com/@MilankaMilosevic-l4u,"In 1999 or 2000 in june , after an exam at Moscow State University Lomonossov , faculty of law , some russien Ana Andreeva , invited Dmitry Stepanov , Ivan Tkatch etc , and i was among them , we found ourselves , inside Ana Andreeva s flat at Moscow Frunzenskaya Nabereznaya , she even sat on my knees , while , we were driving towards her flat in the car of Dmitry Stepanov , Subaru , i think , etc , so , in order to say something , as we were sitting around Ana Andreeva s kitchen table , drinking tea , i started , to say something , i said &quot;there is hope&quot; ü§î , &quot;hope&quot; , that one man , one person ( G W Bush ) , son , of a fmr CiA s head , etc , etc , etc , i was mumblling jumbing , apparentlly , üòê , and i went on , to say , for that the world will be more secure , more peacefull , and , at that point my cellullar phone RANG : it was my dad , urging me to come home the sooner for that because Miroslav Mi≈°koviƒá had called him , he wants to see us this evening in Moscow Casino Chrystall at Balshaya Marksistskaya street metro Taganskaya üôÇüëèüëèüëè . So , dad , broke my meeting with friends üò• . I had to LEAVE earlier than i wanted üò• . The friends from faculty then in 1999 - 2000 üò• .",1,2025-01-05T23:51:41Z,2025-01-05T23:51:41Z,_w98_l8HQyk
UgyLm3_HEIVNIkE1s1B4AaABAg,@robertneal6301,http://www.youtube.com/@robertneal6301,Man i cant imagine how the people of New Orleans feet about losing all these people just imagine what the whole world is feeling prayers for all the family members,4,2025-01-05T23:49:50Z,2025-01-05T23:49:50Z,_w98_l8HQyk
Ugx2KHdN6WYPeFvdEAp4AaABAg,@lincolndachane1484,http://www.youtube.com/@lincolndachane1484,Guns should be free. Everyone should have 2,0,2025-01-05T23:48:37Z,2025-01-05T23:48:37Z,_w98_l8HQyk
UgxFUqGr2crZLsaDjmZ4AaABAg,@Solarsystemrdffdfyyhh,http://www.youtube.com/@Solarsystemrdffdfyyhh,"Master P he is the truth, he could be yelling all this woke nonsense but he‚Äôs there giving positive vibes and wanting to help. He needs to run for mayor!",1,2025-01-05T23:48:27Z,2025-01-05T23:48:27Z,_w98_l8HQyk
UgxTK-_OOQWlTAURXE54AaABAg,@Wrangzilla,http://www.youtube.com/@Wrangzilla,MAKE EM SAY UHHHHHHHH.....,0,2025-01-05T23:47:43Z,2025-01-05T23:47:43Z,_w98_l8HQyk
Ugy5gD0jHgSq9ZOXxRB4AaABAg,@joehernandez1765,http://www.youtube.com/@joehernandez1765,Get people involved Master P Clean up N.O.,3,2025-01-05T23:46:20Z,2025-01-05T23:46:20Z,_w98_l8HQyk
UgxRBklOUyQIiIHpPtF4AaABAg,@truthtone58,http://www.youtube.com/@truthtone58,"It was an attack on all the states, people were there from different places.",0,2025-01-05T23:45:31Z,2025-01-05T23:45:31Z,_w98_l8HQyk
UgwB3rD6p4e995Yz9-h4AaABAg,@SHOTS-FIRED,http://www.youtube.com/@SHOTS-FIRED,Make ameica say uhhhhhh nah nahh naahh naaaahhhh,0,2025-01-05T23:43:16Z,2025-01-05T23:43:16Z,_w98_l8HQyk
UgzCfFjyYSdfI-87nEd4AaABAg,@stevenwinterhill3623,http://www.youtube.com/@stevenwinterhill3623,Who cares what a rapper thinks ..ü§∑,5,2025-01-05T23:42:30Z,2025-01-05T23:42:30Z,_w98_l8HQyk
UgwGyTYd7_jIYpaOWb14AaABAg,@tithos,http://www.youtube.com/@tithos,"I have been suffering with mental illness my entire life.  I am 43.  With few exceptions, the bulk of my &quot;mental heath treatment&quot;, was bandaids and pharma.  NO REAL HELP.  How anyone is surprised by any of the school shootings, assassination attempt, truck massacres, ect, I am dumb-founded.  It is awful.  NOT just for the victims.",3,2025-01-05T23:40:23Z,2025-01-05T23:40:23Z,_w98_l8HQyk
Ugw9Rnh-ammoev-rAex4AaABAg,@davidcrawford5711,http://www.youtube.com/@davidcrawford5711,"He is uneducated , and uses this for , his own purpose !",1,2025-01-05T23:38:05Z,2025-01-05T23:38:05Z,_w98_l8HQyk
UgxZTwFpVZWRRh5tQ6l4AaABAg,@Larryrandom2549,http://www.youtube.com/@Larryrandom2549,"Hey look, it‚Äôs ‚Äúthe neighborhood drug dealer‚Äù. His words not mine.",5,2025-01-05T23:34:37Z,2025-01-05T23:34:37Z,_w98_l8HQyk
UgwCn0g48ndh4piMBJN4AaABAg,@Larryrandom2549,http://www.youtube.com/@Larryrandom2549,Was it about selling drugs? Or killing people? Or racism? Because that‚Äôs what every lyric he ever wrote was about. Smdh. How to people like these become our voice of reason?,9,2025-01-05T23:32:34Z,2025-01-05T23:32:34Z,_w98_l8HQyk
UgwMEnBjI-jOQ9LIiSx4AaABAg,@zacheryabston3797,http://www.youtube.com/@zacheryabston3797,P got ‚ù§,3,2025-01-05T23:32:30Z,2025-01-05T23:32:30Z,_w98_l8HQyk
UgyxdpJ1Rc6erre_JkB4AaABAg,@NoName-wg6ip,http://www.youtube.com/@NoName-wg6ip,"Make &#39;em say, uhh!!<br>Na, nah, na, nah!!",0,2025-01-05T23:31:18Z,2025-01-05T23:31:18Z,_w98_l8HQyk
Ugy71yQCy5Ui-BkiPiB4AaABAg,@kenjimallone2191,http://www.youtube.com/@kenjimallone2191,Blame the Zionist!<br><br>Their Fictional Nation and People is driving the World Crazy.,0,2025-01-05T23:30:29Z,2025-01-05T23:30:29Z,_w98_l8HQyk
UgysYuytaprNud0q7pl4AaABAg,@brandonmathieson7652,http://www.youtube.com/@brandonmathieson7652,Smash like if you pee in milk jugs! Trucker for life!,0,2025-01-05T23:30:19Z,2025-01-05T23:30:19Z,_w98_l8HQyk
UgxlFpvuvL82w4JAu594AaABAg,@JohnSmith-f7c,http://www.youtube.com/@JohnSmith-f7c,"lol Master P, A rapper, so he&#39;s a thug? possible a rapist? Why are we getting news from thug life culture?",0,2025-01-05T23:27:31Z,2025-01-05T23:27:31Z,_w98_l8HQyk
UgwSdwZoeK0I9ruHKFF4AaABAg,@bobwoods1302,http://www.youtube.com/@bobwoods1302,Master P has no felony convictions unlike the incoming president,4,2025-01-05T23:25:40Z,2025-01-05T23:25:40Z,_w98_l8HQyk
UgxLwhhqHLQrmHFI0bZ4AaABAg,@4touchdownsinonegame178,http://www.youtube.com/@4touchdownsinonegame178,"President Biden signs the Social Security Fairness Act, thank you.",2,2025-01-05T23:24:06Z,2025-01-05T23:24:06Z,_w98_l8HQyk
Ugws7IGGgPAZTkGdEQt4AaABAg,@gambit_naruto,http://www.youtube.com/@gambit_naruto,"Thanks for keeping us update<br>I feel sympathy and empathy for our country. low income people are suffering to survive, and I appreciate Elizabeth Arden . You&#39;ve helped my family with your advice. imagine investing $30,000 and receiving $95,460 after 30 days of trading",4,2025-01-05T23:24:02Z,2025-01-05T23:24:02Z,_w98_l8HQyk
UgxOFq3JWT2Zmi-CK2R4AaABAg,@wethepeople7382,http://www.youtube.com/@wethepeople7382,"Trump will come in at half mast-- half the country knows exactly what he is, the other half pretends he&#39;s Jesus.",1,2025-01-05T23:23:45Z,2025-01-05T23:23:45Z,_w98_l8HQyk
Ugx8c-5GSJjjW0NV8L14AaABAg,@stevenwendellnelson5228,http://www.youtube.com/@stevenwendellnelson5228,"Please worship the CREATOR OF THE UNIVERSE, THE LORD GOD and try not to worry too much about the differences between the different religions and denominations, try to think about the similarities and the things they may have in common more than the differences. Daily prayer is a fundamental part that many people do not practice although it is encouraged. <br><br>&quot;CREATOR OF THE UNIVERSE, LORD GOD, I beg you to never force me to worship any false god or object and I ask you for forgiveness for my sins and immorality. Thank you for everything. Amen.&quot;<br><br>Please pray this now, pray the words as you read them if you cannot look and remember them üôè and please know that daily prayer will give you the help that GOD wants you to have. <br><br>Thessalonians 5:16-18<br>&quot;Rejoice always, pray without ceasing, give thanks in all circumstances; for this is the will of GOD in Christ Jesus for you.&quot; <br><br>Daily prayer is the key to success in politics and much of life, if only more would practice it üôèüôèüôèüôèüôèüôèüôèüôèüôè",0,2025-01-05T23:23:18Z,2025-01-05T23:23:18Z,_w98_l8HQyk
Ugy_eZ4KtlHJlMkJ4ox4AaABAg,@DemirelempireAtd,http://www.youtube.com/@DemirelempireAtd,P Throwing Sword ‚öîÔ∏è Bowz<br>Like Gone In 60 SecondZ<br>No Limit,0,2025-01-05T23:22:33Z,2025-01-05T23:22:33Z,_w98_l8HQyk
UgwRL5gdlnY9_Xr4uXR4AaABAg,@Bslim-l9x,http://www.youtube.com/@Bslim-l9x,"From the hood to doing good, America can prevail",15,2025-01-05T23:22:21Z,2025-01-05T23:22:21Z,_w98_l8HQyk
UgxOGOr2Wk45HgV-NE14AaABAg,@4touchdownsinonegame178,http://www.youtube.com/@4touchdownsinonegame178,"Crazy Trump complains that US flags will be half-staff on his inauguration day, very disrespectful",1,2025-01-05T23:21:17Z,2025-01-05T23:21:17Z,_w98_l8HQyk
UgwfJpgN_j9JNF-9dN94AaABAg,@RemFemFaveRaveDJ,http://www.youtube.com/@RemFemFaveRaveDJ,My thoughts and prayers üôè for my people kindred spirits who I know from when I was two years old. üòä‚ù§ We shall overcome when the saints return to save us,3,2025-01-05T23:19:39Z,2025-01-05T23:19:39Z,_w98_l8HQyk
UgzOQ4mBuEjrKm7YAqh4AaABAg,@Voicenreason247,http://www.youtube.com/@Voicenreason247,This guy is a known gangster. Drug dealer on the news. This is why our kids ack a fool. Looking up to the people who ruined community&#39;s selling crack robbing people.,2,2025-01-05T23:18:39Z,2025-01-05T23:19:02Z,_w98_l8HQyk
Ugxm-KrmUEf_GkWgV014AaABAg,@philiplemieux6858,http://www.youtube.com/@philiplemieux6858,Love Master P ‚ù§,3,2025-01-05T23:18:39Z,2025-01-05T23:18:39Z,_w98_l8HQyk
UgyBBStCNclvCo65Wg54AaABAg,@ChristopherHedum-js8eg,http://www.youtube.com/@ChristopherHedum-js8eg,"Lets slide to da side wherr dem gangstaz ride, boom boom boom on yo bxt¬©h a$$ nagguh. War wounds, war wounds, uugghhh, every soldier got a story to tell. Check out my war wounds.<br><br>Yall younginz dont bout dat dair. Grown folk music.",1,2025-01-05T23:16:03Z,2025-01-05T23:16:03Z,_w98_l8HQyk
UgxCyZ_K9kQFWK2SU5p4AaABAg,@martinepstein3332,http://www.youtube.com/@martinepstein3332,"They survived an horrific storm at the start of the century, so sure the people of New Orleans can, in time, overcome this tragic event",16,2025-01-05T23:15:37Z,2025-01-05T23:15:37Z,_w98_l8HQyk
Ugz1h1NFzZli5pdLwqt4AaABAg,@justinbishop3714,http://www.youtube.com/@justinbishop3714,ARE THE OBAMA DRONES RELEASING VIRUSES?!?,1,2025-01-05T23:14:41Z,2025-01-05T23:14:41Z,_w98_l8HQyk
UgwsV_qfJH8I2168d1J4AaABAg,@UnderwaterShadow,http://www.youtube.com/@UnderwaterShadow,They always pass measures to prevent these types of attacks but they never actually use them that‚Äôs why they keep happening! So what‚Äôs the point of passing something if it‚Äôs not utilized???,1,2025-01-05T23:14:00Z,2025-01-05T23:14:00Z,_w98_l8HQyk
UgwSkEO1b6OC07jMTth4AaABAg,@Riannon_Bardsley,http://www.youtube.com/@Riannon_Bardsley,What‚Äôs the ‚ÄúP‚Äù stand for in your name Mr. ‚ÄúP‚Äù?<br><br>(he‚Äôs not a role model),3,2025-01-05T23:10:45Z,2025-01-05T23:10:45Z,_w98_l8HQyk
UgzQtEsmoHPWZKw1PLl4AaABAg,@CameltoeHarrisUnburdened,http://www.youtube.com/@CameltoeHarrisUnburdened,<b>What in the tank dog?  UHHHHHH NAH NAH NAH NAAAAAAAH!</b>  Man what happened to Mystikal ü§¶‚Äç‚ôÇÔ∏è,1,2025-01-05T23:07:24Z,2025-01-05T23:08:27Z,_w98_l8HQyk
UgxUlW5x7OqaI6eZHrp4AaABAg,@mangokush7499,http://www.youtube.com/@mangokush7499,Opportunist smh just using this to push his walk of fame. Shameful,1,2025-01-05T23:05:47Z,2025-01-05T23:05:47Z,_w98_l8HQyk
UgwzzldnMLRYUTSjU-Z4AaABAg,@anti-antifamclovin7627,http://www.youtube.com/@anti-antifamclovin7627,In the music industry in general and rap in particular there&#39;s a lot of horror stories about contracts and &quot;other things&quot;. P is an exception though. &quot;Real bosses make other people bosses&quot; - My favorite P quote cuz it sums up the way he does business,5,2025-01-05T23:05:13Z,2025-01-05T23:05:13Z,_w98_l8HQyk
UgyObdenyD7b58r6-354AaABAg,@BrunswickOH47,http://www.youtube.com/@BrunswickOH47,I‚Äôm so done with everything. I‚Äôm not in a good mood.,0,2025-01-05T23:04:32Z,2025-01-05T23:04:32Z,_w98_l8HQyk
UgxL6X4gRgvqH0PmML14AaABAg,@invinoveritas6859,http://www.youtube.com/@invinoveritas6859,Whenever i take a shart...i be like UghhhhhhhhhüòÜ!!!! After that i be like 50 lbs lighter!!!!üí©,1,2025-01-05T23:03:58Z,2025-01-05T23:03:58Z,_w98_l8HQyk
UgxdJA0dAKm3zHbxT_F4AaABAg,@kennethjones6374,http://www.youtube.com/@kennethjones6374,I&#39;m from 504 no limit for life ü´°üá∫üá∏ü¶Öüêò‚ù§Ô∏èü§çüíôü•Ä,0,2025-01-05T23:03:37Z,2025-01-05T23:03:37Z,_w98_l8HQyk
Ugx6chXRIngHG_PN-pB4AaABAg,@ChristopherHedum-js8eg,http://www.youtube.com/@ChristopherHedum-js8eg,"Dair dey go, dair dey go, dair dey go, ugghhh, pass me dem thangz, lets get em!<br><br>No, but seriously, New Orleans is your typical corrupt Democrat blue ish hole and wont anything change until you get rid of all the local leaders like the Police Chief lady who was fired from Oakland and Spokane.",1,2025-01-05T23:02:31Z,2025-01-05T23:02:31Z,_w98_l8HQyk
UgwslbBk5ppH9VxJa7F4AaABAg,@applesoranges559,http://www.youtube.com/@applesoranges559,üåü Meanwhile Bangladesh Pakistan &amp; Iran were celebrating for their Zeehadi brethren &quot;Hero&quot; whilst both US &amp; Germany are under attack  ... Factuality üíØ ..,2,2025-01-05T23:02:15Z,2025-01-05T23:02:15Z,_w98_l8HQyk
UgxG5DEwn-nle9R0q4F4AaABAg,@gcurry3416,http://www.youtube.com/@gcurry3416,So now he think he&#39;s holy then thall. This dude sold more dope in the black community then Walgreens,0,2025-01-05T23:01:36Z,2025-01-05T23:01:36Z,_w98_l8HQyk
UgwvwmeaRsiIER4gokV4AaABAg,@AntonioRomero-te4cb,http://www.youtube.com/@AntonioRomero-te4cb,Absolutely.<br>Our real President is back in fifteen more days.,0,2025-01-05T22:59:54Z,2025-01-05T22:59:54Z,_w98_l8HQyk
UgzRUzM8FtPA73Y7ckd4AaABAg,@Charlie_Instigator,http://www.youtube.com/@Charlie_Instigator,There&#39;s literally zero hope with the incoming admin.  World leaders have made a mockery of Donnie.,1,2025-01-05T22:59:03Z,2025-01-05T22:59:03Z,_w98_l8HQyk
Ugxp_4rkOkcEp8xthop4AaABAg,@parttimegamer1819,http://www.youtube.com/@parttimegamer1819,Stop Hatin!,1,2025-01-05T22:59:00Z,2025-01-05T22:59:00Z,_w98_l8HQyk
UgzC1pw_ZN5IfyWD1bt4AaABAg,@EricSchopen,http://www.youtube.com/@EricSchopen,Why are we letting thugs with vile disgusting lyrics for their songs represents what America should be about?,9,2025-01-05T22:58:48Z,2025-01-05T22:58:48Z,_w98_l8HQyk
UgxIy5tXf-ZcAskufZd4AaABAg,@snapfinger1,http://www.youtube.com/@snapfinger1,Percy has Faith.,21,2025-01-05T22:58:48Z,2025-01-05T22:58:48Z,_w98_l8HQyk
Ugzzfexvigwj0HPDutJ4AaABAg,@voixdelaraison593,http://www.youtube.com/@voixdelaraison593,Timothy McVeigh signaled the twisted &amp; sick mentality that would become Maga.,2,2025-01-05T22:57:43Z,2025-01-05T22:57:43Z,_w98_l8HQyk
Ugy2tbAR_cwZ_NzVwZl4AaABAg,@Grant-wn4ep,http://www.youtube.com/@Grant-wn4ep,We are tired of the domestic terrorists from red states who have access to weapons they shouldn&#39;t,0,2025-01-05T22:57:30Z,2025-01-05T22:57:30Z,_w98_l8HQyk
UgyLuBQaRZ5PUpRuzyl4AaABAg,@abeatlsfan,http://www.youtube.com/@abeatlsfan,"Well, nice of him to do this, but I‚Äôll always remember him from dancing with stars. He was rude, mediocre talent , and totally disrespectful to his partner. (Not a fan)",1,2025-01-05T22:57:08Z,2025-01-05T22:57:08Z,_w98_l8HQyk
UgxF3X-DVNo802eC-Wx4AaABAg,@DawgBite7734,http://www.youtube.com/@DawgBite7734,Did anyone else learn to make crack from Master P like I did???,0,2025-01-05T22:56:42Z,2025-01-05T22:56:42Z,_w98_l8HQyk
Ugzo82Ouy0tpYjdePg94AaABAg,@mentalmetalistswife5572,http://www.youtube.com/@mentalmetalistswife5572,So easy for him to jump on the Narrative and blame mental illness .,0,2025-01-05T22:55:32Z,2025-01-05T22:55:32Z,_w98_l8HQyk
UgyppDF9q1lfpMf3kqN4AaABAg,@voixdelaraison593,http://www.youtube.com/@voixdelaraison593,WE THE PEOPLE üá∫üá∏ WILL NEVER FORGET OR FORGIVE TRUMP‚Äôs J6 TREASON <br>üá∫üá∏üá∫üá∏üá∫üá∏,2,2025-01-05T22:51:44Z,2025-01-05T22:51:52Z,_w98_l8HQyk
UgzYNEz6sb08mW2EcbR4AaABAg,@–º–µ—Ç–∞-–æ9—è,http://www.youtube.com/@%D0%BC%D0%B5%D1%82%D0%B0-%D0%BE9%D1%8F,Makemmm say ahhhh,0,2025-01-05T22:51:13Z,2025-01-05T22:51:13Z,_w98_l8HQyk
Ugy-LBvPwLmpBlYfaux4AaABAg,@BillyQuiboloy,http://www.youtube.com/@BillyQuiboloy,You got listen to listen to lyrics.  I AM STARTING TO THINK I&#39;M THE ONE WHO IS RAPPING.  Master P,0,2025-01-05T22:50:02Z,2025-01-05T22:50:02Z,_w98_l8HQyk
Ugyek05pgtP_sL3ItEN4AaABAg,@AdamAdam-vu3qt,http://www.youtube.com/@AdamAdam-vu3qt,I haven‚Äôt heard this guys name in twenty years. lol.,2,2025-01-05T22:48:54Z,2025-01-05T22:48:54Z,_w98_l8HQyk
UgwKFcQx7FxMYoOgBut4AaABAg,@adamlcline9279,http://www.youtube.com/@adamlcline9279,That city is a sinful dump of thugs anyways,0,2025-01-05T22:48:32Z,2025-01-05T22:48:32Z,_w98_l8HQyk
UgxZ14qrF-_4M0izYUp4AaABAg,@adamlcline9279,http://www.youtube.com/@adamlcline9279,Lol master jezzy,0,2025-01-05T22:47:59Z,2025-01-05T22:47:59Z,_w98_l8HQyk
UgxavP6b_4SyPGTgCKt4AaABAg,@wadekaplan9379,http://www.youtube.com/@wadekaplan9379,Felon Hunter and his felon father will be arrested on Jan 21st,1,2025-01-05T22:47:58Z,2025-01-05T22:47:58Z,_w98_l8HQyk
UgwK3tqzAX4wlOp7rv14AaABAg,@carlbassler5579,http://www.youtube.com/@carlbassler5579,Stop being so bam work just tell us the truth thank u fox,0,2025-01-05T22:47:41Z,2025-01-05T22:47:41Z,_w98_l8HQyk
UgytnJ7J-WGDS_K8nml4AaABAg,@mellowmissmuffett,http://www.youtube.com/@mellowmissmuffett,Make em say uggggghhhhh‚Ä¶.na na na naaahüòÇ‚ù§,4,2025-01-05T22:47:31Z,2025-01-05T22:48:04Z,_w98_l8HQyk
Ugwn30yoFtiTY0MWcAR4AaABAg,@BillyQuiboloy,http://www.youtube.com/@BillyQuiboloy,MASTER P NEED TO GO BACK TO YOUR CRACK HOUSE.,1,2025-01-05T22:47:15Z,2025-01-05T22:47:15Z,_w98_l8HQyk
Ugz8MqsFhujz5-MNHDp4AaABAg,@wethepeople7382,http://www.youtube.com/@wethepeople7382,"Trump supporters think they won, but the fact is now the entire nation knows what they really are.",0,2025-01-05T22:47:09Z,2025-01-05T22:47:09Z,_w98_l8HQyk
UgxW5sR7nFJ5Hgsb6x94AaABAg,@bigallabowski8235,http://www.youtube.com/@bigallabowski8235,"Ironic‚Ä¶the only message I‚Äôve heard from him over the years has been ‚Äúsell drugs, drive by shootings, and disrespecting women.",0,2025-01-05T22:47:06Z,2025-01-05T22:47:06Z,_w98_l8HQyk
UgzQUabK2MESSDEiqJJ4AaABAg,@wethepeople7382,http://www.youtube.com/@wethepeople7382,"according to the 14th amendment, Democrats have completely legitimacy if they were going to pull a January 6th. but we&#39;re not toddlers like Trump supporters are.",0,2025-01-05T22:46:06Z,2025-01-05T22:46:06Z,_w98_l8HQyk
UgyllMKtUxYxVkh4G4N4AaABAg,@wethepeople7382,http://www.youtube.com/@wethepeople7382,"Trump and his triple k supporters were hoping that these guys were migrants but they were Trump supporters, as we all expected.",0,2025-01-05T22:45:38Z,2025-01-05T22:45:38Z,_w98_l8HQyk
UgzM2xMh8316wUfaxnt4AaABAg,@theuglytruth8162,http://www.youtube.com/@theuglytruth8162,The Lord üôè works in mysterious ways.,3,2025-01-05T22:44:39Z,2025-01-05T22:44:39Z,_w98_l8HQyk
UgwGKWECGIFUd5TYD5N4AaABAg,@verajones8634,http://www.youtube.com/@verajones8634,Loved his comments. God&#39;s blessings. ‚ù§,13,2025-01-05T22:43:53Z,2025-01-05T22:43:53Z,_w98_l8HQyk
UgxktEWdkdYv7bNGpcF4AaABAg,@garymarklein,http://www.youtube.com/@garymarklein,Who cares what Hollywood folks say about anything?,0,2025-01-05T22:41:55Z,2025-01-05T22:41:55Z,_w98_l8HQyk
Ugy1Lzf9Oa3Sml-LsC54AaABAg,@RiseoftheLibertarian,http://www.youtube.com/@RiseoftheLibertarian,Rap legend? That a bit of a stretch. The mediocre rapper is a more fitting title.,1,2025-01-05T22:41:44Z,2025-01-05T22:41:44Z,_w98_l8HQyk
UgxGWV9J3LqLa0ED_ep4AaABAg,@LordVesus,http://www.youtube.com/@LordVesus,"God said he is no master, but rather an abomination in the sight of the Lord. We would have too crucify him to perfect him before he actually becomes a master, hes an abomination until then for sure, without a doubt. abomination p(percy p miller) come fourth or perish.",0,2025-01-05T22:41:18Z,2025-01-05T22:41:18Z,_w98_l8HQyk
UgwnZL8fmVQIFRd057J4AaABAg,@pauldiam0nd,http://www.youtube.com/@pauldiam0nd,Didn&#39;t this man only rap about DEALING DRUGS ü§î,18,2025-01-05T22:40:13Z,2025-01-05T22:40:13Z,_w98_l8HQyk
UgxicqF8gkmso6Pm2sR4AaABAg,@michellegilley6550,http://www.youtube.com/@michellegilley6550,uhhhhhh,0,2025-01-05T22:40:01Z,2025-01-05T22:40:01Z,_w98_l8HQyk
Ugw6n8tjzqJGwrB6PX14AaABAg,@charliemartinez1889,http://www.youtube.com/@charliemartinez1889,The only people that are criminal is our government allowing it&#39;s people to be poisoned by chemtrails every day and no one covers any of it,0,2025-01-05T22:39:50Z,2025-01-05T22:39:50Z,_w98_l8HQyk
UgwVsOKbrErRwXdK-s54AaABAg,@thatonekid71,http://www.youtube.com/@thatonekid71,The usual suspects,2,2025-01-05T22:39:29Z,2025-01-05T22:39:29Z,_w98_l8HQyk
Ugzc0jRBV57eo5XhTJV4AaABAg,@HaughtyRichTransGoddess,http://www.youtube.com/@HaughtyRichTransGoddess,How very not odd that these crimes are always committed by far-right MAGA cult members.,0,2025-01-05T22:39:18Z,2025-01-05T22:39:18Z,_w98_l8HQyk
Ugw99EBpgb1eTF2BUpV4AaABAg,@robroberts7093,http://www.youtube.com/@robroberts7093,And just think those monuments are going back by military force.  So you haven&#39;t witnessed violence yet.,1,2025-01-05T22:39:05Z,2025-01-05T22:39:05Z,_w98_l8HQyk
Ugy5CSIjDGcvpuVckJ94AaABAg,@tonyv416,http://www.youtube.com/@tonyv416,üôèüèΩMaster P.. we ain‚Äôt running from this‚Ä¶üöÆüí®,5,2025-01-05T22:38:52Z,2025-01-05T22:38:52Z,_w98_l8HQyk
Ugzyh61vYSUgR_fkJAt4AaABAg,@tacolover5000,http://www.youtube.com/@tacolover5000,love you master p,5,2025-01-05T22:38:43Z,2025-01-05T22:38:43Z,_w98_l8HQyk
UgztTuUM97mrfR-E7ft4AaABAg,@BrunswickOH47,http://www.youtube.com/@BrunswickOH47,Cleveland-Akron suburbs for Trump! Suburbanites vote red! üá∫üá∏üá∫üá∏,5,2025-01-05T22:38:10Z,2025-01-05T22:38:10Z,_w98_l8HQyk
Ugx8BZgugzAoNcqC2ol4AaABAg,@Mastirpeace,http://www.youtube.com/@Mastirpeace,Master P is the perfect role model to the city of New Orleans,27,2025-01-05T22:37:39Z,2025-01-05T22:37:39Z,_w98_l8HQyk
Ugw58ETjAgmfZ2BTP314AaABAg,@jefffogg8730,http://www.youtube.com/@jefffogg8730,there is no hope in any city with donald <b>back behind The Resolute Desk in The Oval Office.</b> ü´°,0,2025-01-05T22:37:17Z,2025-01-05T22:37:17Z,_w98_l8HQyk
UgyTc0IIxoBO0OVLY6x4AaABAg,@michaelamezcua3271,http://www.youtube.com/@michaelamezcua3271,UGGGGHHH na na na nahhh!,6,2025-01-05T22:37:04Z,2025-01-05T22:37:04Z,_w98_l8HQyk
Ugz9E36XY7U79l4i8ih4AaABAg,@davidboggs5150,http://www.youtube.com/@davidboggs5150,Hope and believing in tomorrow is coming up on Inauguration Day.,4,2025-01-05T22:36:27Z,2025-01-05T22:36:27Z,_w98_l8HQyk
UgxnHmWVZ1xuekalfGZ4AaABAg,@Jared777H,http://www.youtube.com/@Jared777H,Look at the club member system agent cover üòÇü§∑‚Äç‚ôÇÔ∏è,0,2025-01-05T22:35:59Z,2025-01-05T22:35:59Z,_w98_l8HQyk
UgyW2Nnr0IeCdqxjGfd4AaABAg,@andrelotscher280,http://www.youtube.com/@andrelotscher280,PRESIDENT BIDEN üá∫üá∏ üá∫üá∏ üá∫üá∏ üá∫üá∏ üá∫üá∏ <br>A fearless Fighter for Democracy ‚úã <br>Generations will honor his iconic Presidency,2,2025-01-05T22:35:51Z,2025-01-05T22:35:51Z,_w98_l8HQyk
UgwPJircDpdDARTzWIt4AaABAg,@Republicanfilth299,http://www.youtube.com/@Republicanfilth299,"J6 anniversary stain is tomorrow, that felon trump caused and the maga deplorables <br>PATRIOTS will never forget",1,2025-01-05T22:34:28Z,2025-01-05T22:34:28Z,_w98_l8HQyk
UgyZrpgBOYu2kassgkl4AaABAg,@andrelotscher280,http://www.youtube.com/@andrelotscher280,At least he isn&#39;t a convicted Felon like Trump Lmao ü§£ LOL üòÖ hahahahaha,2,2025-01-05T22:34:21Z,2025-01-05T22:34:21Z,_w98_l8HQyk
UgyyMi1VbiHmLBY2_eR4AaABAg,@amarreder6241,http://www.youtube.com/@amarreder6241,"Jhn 3: 16 - For God so loved the world that he gave his one and only Son, that whoever believes in him shall not perish but have eternal life.",7,2025-01-05T22:32:55Z,2025-01-05T22:32:55Z,_w98_l8HQyk
UgzZAvjnaJDG_dZcztJ4AaABAg,@undertamssubjective,http://www.youtube.com/@undertamssubjective,üôè AMEN üôè,4,2025-01-05T22:32:03Z,2025-01-05T22:32:03Z,_w98_l8HQyk
UgxgQiyPC9H1099VyHp4AaABAg,@Jackmerius_Tacktheritrix5733,http://www.youtube.com/@Jackmerius_Tacktheritrix5733,Dude got old,4,2025-01-05T22:31:42Z,2025-01-05T22:31:42Z,_w98_l8HQyk
